Survived,Embarked,Pclass,Sex,Age, Fare ,SibSp,Parch,Pclass_1,Pclass_2,Embark_S,Embark_C,male/Female,,,,,,,,,,,,,,,,
1,S,1,male,80, $30.00 ,0,0,1,0,1,0,1,,,,,,,,,,,,,,,,
0,S,3,male,74, $7.78 ,0,0,0,0,1,0,1,,,,survived,embarked,pclass,sex,age,fare,sibsp,parch,pclass_1,pclass_2,embark_s,embark_c,male/female
0,C,1,male,71, $34.65 ,0,0,1,0,0,1,1,,,,,,,,,,,,,,,,
0,C,1,male,71, $49.50 ,0,0,1,0,0,1,1,,,,,,,,,,,,,,,,
0,Q,3,male,70.5, $7.75 ,0,0,0,0,0,0,1,,,,,,,,,,,,,,,,
0,S,2,male,70, $10.50 ,0,0,0,1,1,0,1,,,,,,,,,,,,,,,,
0,S,1,male,70, $71.00 ,1,1,1,0,1,0,1,,,,,,,,,,,,,,,,
0,S,2,male,66, $10.50 ,0,0,0,1,1,0,1,,,,,,,,,,,,,,,,
0,C,1,male,65, $61.98 ,0,1,1,0,0,1,1,,,,,,,,,,,,,,,,
0,Q,3,male,65, $7.75 ,0,0,0,0,0,0,1,,,,,,,,,,,,,,,,
0,S,1,male,65, $26.55 ,0,0,1,0,1,0,1,,,,,,,,,,,,,,,,
0,S,1,male,64, $263.00 ,1,4,1,0,1,0,1,,,,,,,,,,,,,,,,
0,S,1,male,64, $26.00 ,0,0,1,0,1,0,1,,,,,,,,,,,,,,,,
1,S,1,female,63, $77.96 ,1,0,1,0,1,0,0,,,,,,,,,,,,,,,,
1,S,3,female,63, $9.59 ,0,0,0,0,1,0,0,,,,,,,,,,,,,,,,
0,S,1,male,62, $26.55 ,0,0,1,0,1,0,1,,,,,,,,,,,,,,,,
0,S,1,male,62, $26.55 ,0,0,1,0,1,0,1,,,,,,,,,,,,,,,,
1,S,2,male,62, $10.50 ,0,0,0,1,1,0,1,,,,,,,,,,,,,,,,
1,,1,female,62, $80.00 ,0,0,1,0,0,0,0,,,,,,,,,,,,,,,,
0,S,1,male,61, $33.50 ,0,0,1,0,1,0,1,,,,,,,,,,,,,,,,
0,S,3,male,61, $6.24 ,0,0,0,0,1,0,1,,,,,,,,,,,,,,,,
0,S,1,male,61, $32.32 ,0,0,1,0,1,0,1,,,,,,,,,,,,,,,,
1,C,1,female,60, $75.25 ,1,0,1,0,0,1,0,,,,,,,,,,,,,,,,
1,C,1,male,60, $79.20 ,1,1,1,0,0,1,1,,,,,,,,,,,,,,,,
0,S,2,male,60, $39.00 ,1,1,0,1,1,0,1,,,,,,,,,,,,,,,,
0,S,1,male,60, $26.55 ,0,0,1,0,1,0,1,,,,,,,,,,,,,,,,
0,S,3,male,59, $7.25 ,0,0,0,0,1,0,1,,,,,,,,,,,,,,,,
0,S,2,male,59, $13.50 ,0,0,0,1,1,0,1,,,,,,,,,,,,,,,,
1,S,1,female,58, $26.55 ,0,0,1,0,1,0,0,,,,,,,,,,,,,,,,
1,C,1,female,58, $146.52 ,0,0,1,0,0,1,0,,,,,,,,,,,,,,,,
1,S,1,female,58, $153.46 ,0,1,1,0,1,0,0,,,,,,,,,,,,,,,,
0,C,1,male,58, $29.70 ,0,0,1,0,0,1,1,,,,,,,,,,,,,,,,
0,C,1,male,58, $113.28 ,0,2,1,0,0,1,1,,,,,,,,,,,,,,,,
0,Q,2,male,57, $12.35 ,0,0,0,1,0,0,1,,,,,,,,,,,,,,,,
0,S,2,female,57, $10.50 ,0,0,0,1,1,0,0,,,,,,,,,,,,,,,,
0,C,1,male,56, $30.70 ,0,0,1,0,0,1,1,,,,,,,,,,,,,,,,
0,S,1,male,56, $26.55 ,0,0,1,0,1,0,1,,,,,,,,,,,,,,,,
1,C,1,male,56, $35.50 ,0,0,1,0,0,1,1,,,,,,,,,,,,,,,,
1,C,1,female,56, $83.16 ,0,1,1,0,0,1,0,,,,,,,,,,,,,,,,
0,S,3,male,55.5, $8.05 ,0,0,0,0,1,0,1,,,,,,,,,,,,,,,,
1,S,2,female,55, $16.00 ,0,0,0,1,1,0,0,,,,,,,,,,,,,,,,
0,S,1,male,55, $30.50 ,0,0,1,0,1,0,1,,,,,,,,,,,,,,,,
0,S,1,male,54, $51.86 ,0,0,1,0,1,0,1,,,,,,,,,,,,,,,,
0,S,1,male,54, $77.29 ,0,1,1,0,1,0,1,,,,,,,,,,,,,,,,
0,S,2,male,54, $26.00 ,1,0,0,1,1,0,1,,,,,,,,,,,,,,,,
0,S,2,male,54, $14.00 ,0,0,0,1,1,0,1,,,,,,,,,,,,,,,,
1,C,1,female,54, $78.27 ,1,0,1,0,0,1,0,,,,,,,,,,,,,,,,
1,C,1,female,54, $59.40 ,1,0,1,0,0,1,0,,,,,,,,,,,,,,,,
0,S,2,male,54, $26.00 ,0,0,0,1,1,0,1,,,,,,,,,,,,,,,,
1,S,2,female,54, $23.00 ,1,3,0,1,1,0,0,,,,,,,,,,,,,,,,
1,S,1,female,53, $51.48 ,2,0,1,0,1,0,0,,,,,,,,,,,,,,,,
0,S,1,male,52, $79.65 ,1,1,1,0,1,0,1,,,,,,,,,,,,,,,,
1,S,1,male,52, $30.50 ,0,0,1,0,1,0,1,,,,,,,,,,,,,,,,
1,C,1,female,52, $78.27 ,1,0,1,0,0,1,0,,,,,,,,,,,,,,,,
0,S,2,male,52, $13.50 ,0,0,0,1,1,0,1,,,,,,,,,,,,,,,,
0,S,2,male,52, $13.00 ,0,0,0,1,1,0,1,,,,,,,,,,,,,,,,
1,S,1,female,52, $93.50 ,1,1,1,0,1,0,0,,,,,,,,,,,,,,,,
0,S,2,male,51, $12.53 ,0,0,0,1,1,0,1,,,,,,,,,,,,,,,,
0,C,1,male,51, $61.38 ,0,1,1,0,0,1,1,,,,,,,,,,,,,,,,
0,S,3,male,51, $8.05 ,0,0,0,0,1,0,1,,,,,,,,,,,,,,,,
0,S,3,male,51, $7.75 ,0,0,0,0,1,0,1,,,,,,,,,,,,,,,,
0,S,3,male,51, $7.05 ,0,0,0,0,1,0,1,,,,,,,,,,,,,,,,
1,S,1,female,51, $77.96 ,1,0,1,0,1,0,0,,,,,,,,,,,,,,,,
1,S,1,male,51, $26.55 ,0,0,1,0,1,0,1,,,,,,,,,,,,,,,,
0,C,1,female,50, $28.71 ,0,0,1,0,0,1,0,,,,,,,,,,,,,,,,
1,S,2,female,50, $26.00 ,0,1,0,1,1,0,0,,,,,,,,,,,,,,,,
1,C,1,female,50, $247.52 ,0,1,1,0,0,1,0,,,,,,,,,,,,,,,,
0,S,1,male,50, $55.90 ,1,0,1,0,1,0,1,,,,,,,,,,,,,,,,
1,S,2,female,50, $10.50 ,0,0,0,1,1,0,0,,,,,,,,,,,,,,,,
0,S,3,male,50, $8.05 ,0,0,0,0,1,0,1,,,,,,,,,,,,,,,,
1,S,2,female,50, $10.50 ,0,0,0,1,1,0,0,,,,,,,,,,,,,,,,
0,C,1,male,50, $106.43 ,1,0,1,0,0,1,1,,,,,,,,,,,,,,,,
1,S,1,male,50, $133.65 ,2,0,1,0,1,0,1,,,,,,,,,,,,,,,,
0,S,2,male,50, $13.00 ,0,0,0,1,1,0,1,,,,,,,,,,,,,,,,
1,C,1,female,49, $76.73 ,1,0,1,0,0,1,0,,,,,,,,,,,,,,,,
1,C,1,male,49, $89.10 ,1,0,1,0,0,1,1,,,,,,,,,,,,,,,,
0,S,3,male,49, $-   ,0,0,0,0,1,0,1,,,,,,,,,,,,,,,,
1,C,1,male,49, $56.93 ,1,0,1,0,0,1,1,,,,,,,,,,,,,,,,
0,C,1,male,49, $110.88 ,1,1,1,0,0,1,1,,,,,,,,,,,,,,,,
1,S,1,female,49, $25.93 ,0,0,1,0,1,0,0,,,,,,,,,,,,,,,,
1,S,1,male,48, $26.55 ,0,0,1,0,1,0,1,,,,,,,,,,,,,,,,
0,S,2,male,48, $13.00 ,0,0,0,1,1,0,1,,,,,,,,,,,,,,,,
1,C,1,female,48, $39.60 ,1,0,1,0,0,1,0,,,,,,,,,,,,,,,,
1,C,1,male,48, $76.73 ,1,0,1,0,0,1,1,,,,,,,,,,,,,,,,
1,S,1,male,48, $52.00 ,1,0,1,0,1,0,1,,,,,,,,,,,,,,,,
0,S,3,female,48, $34.38 ,1,3,0,0,1,0,0,,,,,,,,,,,,,,,,
1,S,2,female,48, $65.00 ,1,2,0,1,1,0,0,,,,,,,,,,,,,,,,
0,S,3,male,48, $7.85 ,0,0,0,0,1,0,1,,,,,,,,,,,,,,,,
1,S,1,female,48, $25.93 ,0,0,1,0,1,0,0,,,,,,,,,,,,,,,,
0,S,1,male,47, $52.00 ,0,0,1,0,1,0,1,,,,,,,,,,,,,,,,
0,S,3,female,47, $14.50 ,1,0,0,0,1,0,0,,,,,,,,,,,,,,,,
0,S,1,male,47, $38.50 ,0,0,1,0,1,0,1,,,,,,,,,,,,,,,,
0,S,1,male,47, $34.02 ,0,0,1,0,1,0,1,,,,,,,,,,,,,,,,
0,S,2,male,47, $15.00 ,0,0,0,1,1,0,1,,,,,,,,,,,,,,,,
0,S,3,male,47, $7.25 ,0,0,0,0,1,0,1,,,,,,,,,,,,,,,,
0,S,1,male,47, $25.59 ,0,0,1,0,1,0,1,,,,,,,,,,,,,,,,
1,S,1,female,47, $52.55 ,1,1,1,0,1,0,0,,,,,,,,,,,,,,,,
0,S,3,male,47, $9.00 ,0,0,0,0,1,0,1,,,,,,,,,,,,,,,,
0,S,1,male,46, $61.18 ,1,0,1,0,1,0,1,,,,,,,,,,,,,,,,
0,S,2,male,46, $26.00 ,0,0,0,1,1,0,1,,,,,,,,,,,,,,,,
0,C,1,male,46, $79.20 ,0,0,1,0,0,1,1,,,,,,,,,,,,,,,,
0,C,3,male,45.5, $7.23 ,0,0,0,0,0,1,1,,,,,,,,,,,,,,,,
0,S,1,male,45.5, $28.50 ,0,0,1,0,1,0,1,,,,,,,,,,,,,,,,
0,S,1,male,45, $83.48 ,1,0,1,0,1,0,1,,,,,,,,,,,,,,,,
0,S,3,male,45, $6.98 ,0,0,0,0,1,0,1,,,,,,,,,,,,,,,,
0,S,3,female,45, $27.90 ,1,4,0,0,1,0,0,,,,,,,,,,,,,,,,
1,S,1,male,45, $26.55 ,0,0,1,0,1,0,1,,,,,,,,,,,,,,,,
0,S,3,female,45, $7.75 ,0,0,0,0,1,0,0,,,,,,,,,,,,,,,,
1,S,3,male,45, $8.05 ,0,0,0,0,1,0,1,,,,,,,,,,,,,,,,
0,S,1,male,45, $35.50 ,0,0,1,0,1,0,1,,,,,,,,,,,,,,,,
0,C,3,female,45, $14.45 ,0,1,0,0,0,1,0,,,,,,,,,,,,,,,,
1,S,2,female,45, $26.25 ,1,1,0,1,1,0,0,,,,,,,,,,,,,,,,
0,S,1,male,45, $26.55 ,0,0,1,0,1,0,1,,,,,,,,,,,,,,,,
1,S,2,female,45, $13.50 ,0,0,0,1,1,0,0,,,,,,,,,,,,,,,,
1,S,1,female,45, $164.87 ,1,1,1,0,1,0,0,,,,,,,,,,,,,,,,
0,S,3,male,44, $16.10 ,0,1,0,0,1,0,1,,,,,,,,,,,,,,,,
1,C,1,female,44, $27.72 ,0,0,1,0,0,1,0,,,,,,,,,,,,,,,,
0,S,2,male,44, $26.00 ,1,0,0,1,1,0,1,,,,,,,,,,,,,,,,
0,Q,1,male,44, $90.00 ,2,0,1,0,0,0,1,,,,,,,,,,,,,,,,
1,S,3,male,44, $7.93 ,0,0,0,0,1,0,1,,,,,,,,,,,,,,,,
1,C,1,female,44, $57.98 ,0,1,1,0,0,1,0,,,,,,,,,,,,,,,,
0,S,3,male,44, $8.05 ,0,0,0,0,1,0,1,,,,,,,,,,,,,,,,
0,S,3,male,44, $8.05 ,0,0,0,0,1,0,1,,,,,,,,,,,,,,,,
0,S,2,female,44, $26.00 ,1,0,0,1,1,0,0,,,,,,,,,,,,,,,,
0,S,2,male,43, $26.25 ,1,1,0,1,1,0,1,,,,,,,,,,,,,,,,
0,S,3,male,43, $8.05 ,0,0,0,0,1,0,1,,,,,,,,,,,,,,,,
0,S,3,female,43, $46.90 ,1,6,0,0,1,0,0,,,,,,,,,,,,,,,,
1,S,1,female,43, $211.34 ,0,1,1,0,1,0,0,,,,,,,,,,,,,,,,
0,S,3,male,43, $6.45 ,0,0,0,0,1,0,1,,,,,,,,,,,,,,,,
0,S,1,male,42, $52.00 ,1,0,1,0,1,0,1,,,,,,,,,,,,,,,,
0,S,2,male,42, $13.00 ,0,0,0,1,1,0,1,,,,,,,,,,,,,,,,
0,S,3,male,42, $8.40 ,0,1,0,0,1,0,1,,,,,,,,,,,,,,,,
0,S,2,male,42, $27.00 ,1,0,0,1,1,0,1,,,,,,,,,,,,,,,,
1,S,2,male,42, $13.00 ,0,0,0,1,1,0,1,,,,,,,,,,,,,,,,
0,S,3,male,42, $8.66 ,0,0,0,0,1,0,1,,,,,,,,,,,,,,,,
1,C,1,female,42, $227.53 ,0,0,1,0,0,1,0,,,,,,,,,,,,,,,,
1,S,2,female,42, $26.00 ,1,0,0,1,1,0,0,,,,,,,,,,,,,,,,
1,S,1,male,42, $52.55 ,1,0,1,0,1,0,1,,,,,,,,,,,,,,,,
0,S,3,male,42, $7.65 ,0,0,0,0,1,0,1,,,,,,,,,,,,,,,,
1,S,1,male,42, $26.29 ,0,0,1,0,1,0,1,,,,,,,,,,,,,,,,
0,S,3,male,42, $7.55 ,0,0,0,0,1,0,1,,,,,,,,,,,,,,,,
1,S,2,female,42, $13.00 ,0,0,0,1,1,0,0,,,,,,,,,,,,,,,,
0,S,3,female,41, $20.21 ,0,2,0,0,1,0,0,,,,,,,,,,,,,,,,
1,S,2,female,41, $19.50 ,0,1,0,1,1,0,0,,,,,,,,,,,,,,,,
1,C,1,female,41, $134.50 ,0,0,1,0,0,1,0,,,,,,,,,,,,,,,,
0,S,3,female,41, $39.69 ,0,5,0,0,1,0,0,,,,,,,,,,,,,,,,
0,S,3,male,41, $7.13 ,0,0,0,0,1,0,1,,,,,,,,,,,,,,,,
0,S,3,male,41, $14.11 ,2,0,0,0,1,0,1,,,,,,,,,,,,,,,,
0,S,3,male,40.5, $14.50 ,0,2,0,0,1,0,1,,,,,,,,,,,,,,,,
0,Q,3,male,40.5, $7.75 ,0,0,0,0,0,0,1,,,,,,,,,,,,,,,,
0,C,1,male,40, $27.72 ,0,0,1,0,0,1,1,,,,,,,,,,,,,,,,
0,S,3,female,40, $9.48 ,1,0,0,0,1,0,0,,,,,,,,,,,,,,,,
1,S,2,female,40, $15.75 ,0,0,0,1,1,0,0,,,,,,,,,,,,,,,,
0,Q,3,male,40, $15.50 ,1,1,0,0,0,0,1,,,,,,,,,,,,,,,,
1,C,1,male,40, $31.00 ,0,0,1,0,0,1,1,,,,,,,,,,,,,,,,
0,S,1,male,40, $-   ,0,0,1,0,1,0,1,,,,,,,,,,,,,,,,
1,C,1,female,40, $134.50 ,1,1,1,0,0,1,0,,,,,,,,,,,,,,,,
1,S,2,female,40, $13.00 ,0,0,0,1,1,0,0,,,,,,,,,,,,,,,,
0,S,3,male,40, $27.90 ,1,4,0,0,1,0,1,,,,,,,,,,,,,,,,
0,S,3,male,40, $7.90 ,0,0,0,0,1,0,1,,,,,,,,,,,,,,,,
1,S,1,female,40, $153.46 ,0,0,1,0,1,0,0,,,,,,,,,,,,,,,,
0,C,3,male,40, $7.23 ,0,0,0,0,0,1,1,,,,,,,,,,,,,,,,
1,S,2,female,40, $39.00 ,1,1,0,1,1,0,0,,,,,,,,,,,,,,,,
0,S,3,male,39, $31.28 ,1,5,0,0,1,0,1,,,,,,,,,,,,,,,,
1,S,3,male,39, $7.93 ,0,0,0,0,1,0,1,,,,,,,,,,,,,,,,
0,S,3,male,39, $7.93 ,0,0,0,0,1,0,1,,,,,,,,,,,,,,,,
1,S,1,female,39, $79.65 ,1,1,1,0,1,0,0,,,,,,,,,,,,,,,,
1,S,1,female,39, $55.90 ,1,0,1,0,1,0,0,,,,,,,,,,,,,,,,
1,C,1,female,39, $110.88 ,1,1,1,0,0,1,0,,,,,,,,,,,,,,,,
0,S,3,female,39, $31.28 ,1,5,0,0,1,0,0,,,,,,,,,,,,,,,,
0,S,2,male,39, $26.00 ,0,0,0,1,1,0,1,,,,,,,,,,,,,,,,
0,S,2,male,39, $13.00 ,0,0,0,1,1,0,1,,,,,,,,,,,,,,,,
0,S,1,male,39, $-   ,0,0,1,0,1,0,1,,,,,,,,,,,,,,,,
0,S,2,male,39, $13.00 ,0,0,0,1,1,0,1,,,,,,,,,,,,,,,,
0,S,3,male,39, $24.15 ,0,0,0,0,1,0,1,,,,,,,,,,,,,,,,
1,C,1,female,39, $83.16 ,1,1,1,0,0,1,0,,,,,,,,,,,,,,,,
0,Q,3,female,39, $29.13 ,0,5,0,0,0,0,0,,,,,,,,,,,,,,,,
1,C,1,female,38, $71.28 ,1,0,1,0,0,1,0,,,,,,,,,,,,,,,,
1,S,3,female,38, $31.39 ,1,5,0,0,1,0,0,,,,,,,,,,,,,,,,
1,,1,female,38, $80.00 ,0,0,1,0,0,0,0,,,,,,,,,,,,,,,,
0,S,3,male,38, $7.90 ,0,0,0,0,1,0,1,,,,,,,,,,,,,,,,
1,S,1,male,38, $90.00 ,1,0,1,0,1,0,1,,,,,,,,,,,,,,,,
0,S,1,male,38, $153.46 ,0,1,1,0,1,0,1,,,,,,,,,,,,,,,,
0,S,2,female,38, $13.00 ,0,0,0,1,1,0,0,,,,,,,,,,,,,,,,
0,S,3,male,38, $7.05 ,0,0,0,0,1,0,1,,,,,,,,,,,,,,,,
0,S,3,male,38, $8.66 ,0,0,0,0,1,0,1,,,,,,,,,,,,,,,,
1,C,1,female,38, $227.53 ,0,0,1,0,0,1,0,,,,,,,,,,,,,,,,
0,S,1,male,38, $-   ,0,0,1,0,1,0,1,,,,,,,,,,,,,,,,
0,S,3,male,37, $7.93 ,2,0,0,0,1,0,1,,,,,,,,,,,,,,,,
0,S,1,male,37, $53.10 ,1,0,1,0,1,0,1,,,,,,,,,,,,,,,,
1,S,1,male,37, $52.55 ,1,1,1,0,1,0,1,,,,,,,,,,,,,,,,
0,C,1,male,37, $29.70 ,0,1,1,0,0,1,1,,,,,,,,,,,,,,,,
0,S,3,female,37, $9.59 ,0,0,0,0,1,0,0,,,,,,,,,,,,,,,,
0,S,2,male,37, $26.00 ,1,0,0,1,1,0,1,,,,,,,,,,,,,,,,
0,S,2,male,36.5, $26.00 ,0,2,0,1,1,0,1,,,,,,,,,,,,,,,,
0,S,3,male,36, $-   ,0,0,0,0,1,0,1,,,,,,,,,,,,,,,,
0,S,3,male,36, $7.90 ,0,0,0,0,1,0,1,,,,,,,,,,,,,,,,
0,S,2,male,36, $10.50 ,0,0,0,1,1,0,1,,,,,,,,,,,,,,,,
0,C,2,male,36, $12.88 ,0,0,0,1,0,1,1,,,,,,,,,,,,,,,,
1,C,1,female,36, $135.63 ,0,0,1,0,0,1,0,,,,,,,,,,,,,,,,
1,S,2,female,36, $13.00 ,0,0,0,1,1,0,0,,,,,,,,,,,,,,,,
0,S,2,male,36, $13.00 ,0,0,0,1,1,0,1,,,,,,,,,,,,,,,,
1,S,2,female,36, $13.00 ,0,0,0,1,1,0,0,,,,,,,,,,,,,,,,
1,S,1,male,36, $120.00 ,1,2,1,0,1,0,1,,,,,,,,,,,,,,,,
0,S,2,male,36, $27.75 ,1,2,0,1,1,0,1,,,,,,,,,,,,,,,,
1,S,1,male,36, $26.29 ,0,0,1,0,1,0,1,,,,,,,,,,,,,,,,
1,S,2,female,36, $26.00 ,1,0,0,1,1,0,0,,,,,,,,,,,,,,,,
1,S,1,female,36, $71.00 ,0,2,1,0,1,0,0,,,,,,,,,,,,,,,,
1,S,3,female,36, $17.40 ,1,0,0,0,1,0,0,,,,,,,,,,,,,,,,
1,S,1,male,36, $26.39 ,0,0,1,0,1,0,1,,,,,,,,,,,,,,,,
0,C,1,male,36, $40.13 ,0,0,1,0,0,1,1,,,,,,,,,,,,,,,,
0,S,3,male,36, $24.15 ,1,1,0,0,1,0,1,,,,,,,,,,,,,,,,
0,S,3,male,36, $15.55 ,1,0,0,0,1,0,1,,,,,,,,,,,,,,,,
0,S,3,male,36, $7.50 ,0,0,0,0,1,0,1,,,,,,,,,,,,,,,,
1,C,1,male,36, $512.33 ,0,1,1,0,0,1,1,,,,,,,,,,,,,,,,
0,S,1,male,36, $78.85 ,1,0,1,0,1,0,1,,,,,,,,,,,,,,,,
1,S,1,female,36, $120.00 ,1,2,1,0,1,0,0,,,,,,,,,,,,,,,,
1,S,1,female,35, $53.10 ,1,0,1,0,1,0,0,,,,,,,,,,,,,,,,
0,S,3,male,35, $8.05 ,0,0,0,0,1,0,1,,,,,,,,,,,,,,,,
0,S,2,male,35, $26.00 ,0,0,0,1,1,0,1,,,,,,,,,,,,,,,,
1,S,2,female,35, $21.00 ,0,0,0,1,1,0,0,,,,,,,,,,,,,,,,
1,S,1,female,35, $83.48 ,1,0,1,0,1,0,0,,,,,,,,,,,,,,,,
1,C,1,female,35, $512.33 ,0,0,1,0,0,1,0,,,,,,,,,,,,,,,,
1,S,1,female,35, $135.63 ,0,0,1,0,1,0,0,,,,,,,,,,,,,,,,
1,S,3,female,35, $20.25 ,1,1,0,0,1,0,0,,,,,,,,,,,,,,,,
0,S,3,male,35, $7.05 ,0,0,0,0,1,0,1,,,,,,,,,,,,,,,,
1,S,1,female,35, $52.00 ,1,0,1,0,1,0,0,,,,,,,,,,,,,,,,
1,S,1,female,35, $90.00 ,1,0,1,0,1,0,0,,,,,,,,,,,,,,,,
0,S,3,male,35, $7.13 ,0,0,0,0,1,0,1,,,,,,,,,,,,,,,,
1,C,1,male,35, $26.55 ,0,0,1,0,0,1,1,,,,,,,,,,,,,,,,
0,S,3,male,35, $8.05 ,0,0,0,0,1,0,1,,,,,,,,,,,,,,,,
1,S,1,male,35, $26.29 ,0,0,1,0,1,0,1,,,,,,,,,,,,,,,,
1,C,1,male,35, $512.33 ,0,0,1,0,0,1,1,,,,,,,,,,,,,,,,
0,S,2,male,35, $10.50 ,0,0,0,1,1,0,1,,,,,,,,,,,,,,,,
0,C,3,male,35, $7.90 ,0,0,0,0,0,1,1,,,,,,,,,,,,,,,,
0,C,3,male,34.5, $6.44 ,0,0,0,0,0,1,1,,,,,,,,,,,,,,,,
1,S,2,male,34, $13.00 ,0,0,0,1,1,0,1,,,,,,,,,,,,,,,,
1,S,2,female,34, $23.00 ,0,1,0,1,1,0,0,,,,,,,,,,,,,,,,
0,S,2,male,34, $26.00 ,1,0,0,1,1,0,1,,,,,,,,,,,,,,,,
0,S,3,male,34, $6.50 ,0,0,0,0,1,0,1,,,,,,,,,,,,,,,,
0,S,2,male,34, $21.00 ,1,0,0,1,1,0,1,,,,,,,,,,,,,,,,
1,S,2,female,34, $32.50 ,1,1,0,1,1,0,0,,,,,,,,,,,,,,,,
1,S,1,male,34, $26.55 ,0,0,1,0,1,0,1,,,,,,,,,,,,,,,,
0,S,3,male,34, $8.05 ,0,0,0,0,1,0,1,,,,,,,,,,,,,,,,
0,S,2,male,34, $21.00 ,1,0,0,1,1,0,1,,,,,,,,,,,,,,,,
1,S,2,female,34, $10.50 ,0,0,0,1,1,0,0,,,,,,,,,,,,,,,,
1,S,2,female,34, $13.00 ,0,0,0,1,1,0,0,,,,,,,,,,,,,,,,
0,S,3,male,34, $14.40 ,1,1,0,0,1,0,1,,,,,,,,,,,,,,,,
0,S,2,male,34, $13.00 ,0,0,0,1,1,0,1,,,,,,,,,,,,,,,,
0,S,3,male,34, $8.05 ,0,0,0,0,1,0,1,,,,,,,,,,,,,,,,
0,S,2,male,34, $13.00 ,0,0,0,1,1,0,1,,,,,,,,,,,,,,,,
1,S,3,female,33, $15.85 ,3,0,0,0,1,0,0,,,,,,,,,,,,,,,,
0,S,3,male,33, $8.65 ,0,0,0,0,1,0,1,,,,,,,,,,,,,,,,
0,C,3,male,33, $7.90 ,0,0,0,0,0,1,1,,,,,,,,,,,,,,,,
0,S,2,male,33, $12.28 ,0,0,0,1,1,0,1,,,,,,,,,,,,,,,,
0,C,3,male,33, $8.66 ,0,0,0,0,0,1,1,,,,,,,,,,,,,,,,
1,Q,1,female,33, $90.00 ,1,0,1,0,0,0,0,,,,,,,,,,,,,,,,
1,S,2,female,33, $27.75 ,1,2,0,1,1,0,0,,,,,,,,,,,,,,,,
1,S,2,female,33, $26.00 ,0,2,0,1,1,0,0,,,,,,,,,,,,,,,,
0,S,3,male,33, $20.53 ,1,1,0,0,1,0,1,,,,,,,,,,,,,,,,
0,S,3,male,33, $7.78 ,0,0,0,0,1,0,1,,,,,,,,,,,,,,,,
0,S,3,male,33, $9.50 ,0,0,0,0,1,0,1,,,,,,,,,,,,,,,,
1,S,1,female,33, $86.50 ,0,0,1,0,1,0,0,,,,,,,,,,,,,,,,
1,S,1,female,33, $53.10 ,1,0,1,0,1,0,0,,,,,,,,,,,,,,,,
0,S,1,male,33, $5.00 ,0,0,1,0,1,0,1,,,,,,,,,,,,,,,,
0,S,3,male,33, $7.90 ,0,0,0,0,1,0,1,,,,,,,,,,,,,,,,
0,C,2,male,32.5, $30.07 ,1,0,0,1,0,1,1,,,,,,,,,,,,,,,,
1,S,2,female,32.5, $13.00 ,0,0,0,1,1,0,0,,,,,,,,,,,,,,,,
0,S,2,male,32, $10.50 ,0,0,0,1,1,0,1,,,,,,,,,,,,,,,,
1,S,3,male,32, $56.50 ,0,0,0,0,1,0,1,,,,,,,,,,,,,,,,
1,S,2,female,32, $13.00 ,0,0,0,1,1,0,0,,,,,,,,,,,,,,,,
0,S,3,male,32, $15.85 ,1,0,0,0,1,0,1,,,,,,,,,,,,,,,,
1,C,1,female,32, $76.29 ,0,0,1,0,0,1,0,,,,,,,,,,,,,,,,
0,S,3,male,32, $7.93 ,0,0,0,0,1,0,1,,,,,,,,,,,,,,,,
1,S,3,male,32, $8.05 ,0,0,0,0,1,0,1,,,,,,,,,,,,,,,,
0,S,3,male,32, $7.90 ,0,0,0,0,1,0,1,,,,,,,,,,,,,,,,
1,S,2,male,32, $26.00 ,1,0,0,1,1,0,1,,,,,,,,,,,,,,,,
1,S,3,male,32, $7.85 ,0,0,0,0,1,0,1,,,,,,,,,,,,,,,,
1,S,3,male,32, $7.93 ,0,0,0,0,1,0,1,,,,,,,,,,,,,,,,
1,C,1,male,32, $30.50 ,0,0,1,0,0,1,1,,,,,,,,,,,,,,,,
0,S,3,male,32, $7.93 ,0,0,0,0,1,0,1,,,,,,,,,,,,,,,,
0,Q,3,female,32, $15.50 ,1,1,0,0,0,0,0,,,,,,,,,,,,,,,,
0,S,2,male,32, $73.50 ,2,0,0,1,1,0,1,,,,,,,,,,,,,,,,
0,S,3,male,32, $8.36 ,0,0,0,0,1,0,1,,,,,,,,,,,,,,,,
1,S,3,male,32, $56.50 ,0,0,0,0,1,0,1,,,,,,,,,,,,,,,,
0,Q,3,male,32, $7.75 ,0,0,0,0,0,0,1,,,,,,,,,,,,,,,,
0,S,3,female,31, $18.00 ,1,0,0,0,1,0,0,,,,,,,,,,,,,,,,
1,C,1,female,31, $113.28 ,1,0,1,0,0,1,0,,,,,,,,,,,,,,,,
1,S,1,female,31, $164.87 ,0,2,1,0,1,0,0,,,,,,,,,,,,,,,,
1,S,3,female,31, $20.53 ,1,1,0,0,1,0,0,,,,,,,,,,,,,,,,
0,S,3,female,31, $7.85 ,0,0,0,0,1,0,0,,,,,,,,,,,,,,,,
0,S,2,male,31, $10.50 ,0,0,0,1,1,0,1,,,,,,,,,,,,,,,,
0,S,2,male,31, $26.25 ,1,1,0,1,1,0,1,,,,,,,,,,,,,,,,
0,S,1,male,31, $52.00 ,1,0,1,0,1,0,1,,,,,,,,,,,,,,,,
1,S,2,male,31, $13.00 ,0,0,0,1,1,0,1,,,,,,,,,,,,,,,,
1,S,1,male,31, $57.00 ,1,0,1,0,1,0,1,,,,,,,,,,,,,,,,
1,S,3,male,31, $7.93 ,0,0,0,0,1,0,1,,,,,,,,,,,,,,,,
0,Q,3,male,31, $7.75 ,0,0,0,0,0,0,1,,,,,,,,,,,,,,,,
1,S,3,female,31, $8.68 ,0,0,0,0,1,0,0,,,,,,,,,,,,,,,,
1,S,2,female,31, $26.25 ,1,1,0,1,1,0,0,,,,,,,,,,,,,,,,
0,S,3,male,31, $7.78 ,0,0,0,0,1,0,1,,,,,,,,,,,,,,,,
0,C,2,male,31, $37.00 ,1,1,0,1,0,1,1,,,,,,,,,,,,,,,,
0,S,1,male,31, $50.50 ,0,0,1,0,1,0,1,,,,,,,,,,,,,,,,
0,Q,3,female,30.5, $7.75 ,0,0,0,0,0,0,0,,,,,,,,,,,,,,,,
0,S,3,male,30.5, $8.05 ,0,0,0,0,1,0,1,,,,,,,,,,,,,,,,
1,S,3,female,30, $12.48 ,0,0,0,0,1,0,0,,,,,,,,,,,,,,,,
0,S,3,male,30, $8.05 ,0,0,0,0,1,0,1,,,,,,,,,,,,,,,,
0,S,2,male,30, $13.00 ,0,0,0,1,1,0,1,,,,,,,,,,,,,,,,
0,S,2,male,30, $13.00 ,0,0,0,1,1,0,1,,,,,,,,,,,,,,,,
0,S,2,male,30, $10.50 ,0,0,0,1,1,0,1,,,,,,,,,,,,,,,,
0,C,3,male,30, $7.23 ,0,0,0,0,0,1,1,,,,,,,,,,,,,,,,
0,S,3,male,30, $16.10 ,1,0,0,0,1,0,1,,,,,,,,,,,,,,,,
1,S,1,female,30, $86.50 ,0,0,1,0,1,0,0,,,,,,,,,,,,,,,,
1,S,3,male,30, $9.50 ,0,0,0,0,1,0,1,,,,,,,,,,,,,,,,
0,C,2,male,30, $24.00 ,1,0,0,1,0,1,1,,,,,,,,,,,,,,,,
1,C,1,female,30, $56.93 ,0,0,1,0,0,1,0,,,,,,,,,,,,,,,,
1,Q,2,female,30, $12.35 ,0,0,0,1,0,0,0,,,,,,,,,,,,,,,,
0,S,3,male,30, $7.25 ,0,0,0,0,1,0,1,,,,,,,,,,,,,,,,
0,S,2,male,30, $13.00 ,0,0,0,1,1,0,1,,,,,,,,,,,,,,,,
0,C,1,male,30, $27.75 ,0,0,1,0,0,1,1,,,,,,,,,,,,,,,,
0,S,3,male,30, $8.05 ,0,0,0,0,1,0,1,,,,,,,,,,,,,,,,
1,S,1,female,30, $93.50 ,0,0,1,0,1,0,0,,,,,,,,,,,,,,,,
0,S,3,female,30, $8.66 ,0,0,0,0,1,0,0,,,,,,,,,,,,,,,,
1,C,1,female,30, $106.43 ,0,0,1,0,0,1,0,,,,,,,,,,,,,,,,
0,S,3,male,30, $7.90 ,0,0,0,0,1,0,1,,,,,,,,,,,,,,,,
1,S,2,female,30, $21.00 ,3,0,0,1,1,0,0,,,,,,,,,,,,,,,,
1,S,2,female,30, $13.00 ,0,0,0,1,1,0,0,,,,,,,,,,,,,,,,
0,C,3,male,30, $7.23 ,0,0,0,0,0,1,1,,,,,,,,,,,,,,,,
0,S,3,female,30, $24.15 ,1,1,0,0,1,0,0,,,,,,,,,,,,,,,,
1,C,1,female,30, $31.00 ,0,0,1,0,0,1,0,,,,,,,,,,,,,,,,
1,S,2,female,29, $26.00 ,1,0,0,1,1,0,0,,,,,,,,,,,,,,,,
1,S,2,female,29, $10.50 ,0,0,0,1,1,0,0,,,,,,,,,,,,,,,,
1,S,3,male,29, $9.50 ,0,0,0,0,1,0,1,,,,,,,,,,,,,,,,
0,S,3,male,29, $8.05 ,0,0,0,0,1,0,1,,,,,,,,,,,,,,,,
0,S,2,male,29, $21.00 ,1,0,0,1,1,0,1,,,,,,,,,,,,,,,,
1,S,2,female,29, $26.00 ,1,0,0,1,1,0,0,,,,,,,,,,,,,,,,
0,S,3,male,29, $7.78 ,0,0,0,0,1,0,1,,,,,,,,,,,,,,,,
0,S,2,male,29, $10.50 ,0,0,0,1,1,0,1,,,,,,,,,,,,,,,,
0,S,3,female,29, $10.46 ,1,1,0,0,1,0,0,,,,,,,,,,,,,,,,
1,C,3,female,29, $15.25 ,0,2,0,0,0,1,0,,,,,,,,,,,,,,,,
0,S,1,male,29, $66.60 ,1,0,1,0,1,0,1,,,,,,,,,,,,,,,,
0,C,2,male,29, $27.72 ,1,0,0,1,0,1,1,,,,,,,,,,,,,,,,
0,S,3,male,29, $7.88 ,0,0,0,0,1,0,1,,,,,,,,,,,,,,,,
1,C,3,male,29, $7.90 ,0,0,0,0,0,1,1,,,,,,,,,,,,,,,,
0,S,3,male,29, $7.05 ,1,0,0,0,1,0,1,,,,,,,,,,,,,,,,
1,Q,3,male,29, $7.75 ,0,0,0,0,0,0,1,,,,,,,,,,,,,,,,
0,S,3,female,29, $21.08 ,0,4,0,0,1,0,0,,,,,,,,,,,,,,,,
0,S,3,male,29, $9.48 ,0,0,0,0,1,0,1,,,,,,,,,,,,,,,,
1,S,1,female,29, $211.34 ,0,0,1,0,1,0,0,,,,,,,,,,,,,,,,
0,S,1,male,29, $30.00 ,0,0,1,0,1,0,1,,,,,,,,,,,,,,,,
0,C,3,male,28.5, $7.23 ,0,0,0,0,0,1,1,,,,,,,,,,,,,,,,
0,S,3,male,28.5, $16.10 ,0,0,0,0,1,0,1,,,,,,,,,,,,,,,,
1,S,1,male,28, $35.50 ,0,0,1,0,1,0,1,,,,,,,,,,,,,,,,
0,C,1,male,28, $82.17 ,1,0,1,0,0,1,1,,,,,,,,,,,,,,,,
0,S,1,male,28, $47.10 ,0,0,1,0,1,0,1,,,,,,,,,,,,,,,,
0,S,3,female,28, $7.90 ,0,0,0,0,1,0,0,,,,,,,,,,,,,,,,
0,S,3,male,28, $7.90 ,0,0,0,0,1,0,1,,,,,,,,,,,,,,,,
0,S,3,male,28, $56.50 ,0,0,0,0,1,0,1,,,,,,,,,,,,,,,,
0,S,3,male,28, $9.50 ,0,0,0,0,1,0,1,,,,,,,,,,,,,,,,
0,S,3,male,28, $7.85 ,0,0,0,0,1,0,1,,,,,,,,,,,,,,,,
0,S,3,male,28, $7.90 ,0,0,0,0,1,0,1,,,,,,,,,,,,,,,,
0,S,2,male,28, $13.00 ,0,0,0,1,1,0,1,,,,,,,,,,,,,,,,
0,S,3,male,28, $9.50 ,0,0,0,0,1,0,1,,,,,,,,,,,,,,,,
0,S,3,male,28, $7.93 ,2,0,0,0,1,0,1,,,,,,,,,,,,,,,,
1,S,2,female,28, $12.65 ,0,0,0,1,1,0,0,,,,,,,,,,,,,,,,
0,S,3,male,28, $15.85 ,1,0,0,0,1,0,1,,,,,,,,,,,,,,,,
0,S,3,female,28, $14.40 ,1,1,0,0,1,0,0,,,,,,,,,,,,,,,,
1,S,2,female,28, $26.00 ,1,0,0,1,1,0,0,,,,,,,,,,,,,,,,
1,S,1,male,28, $26.55 ,0,0,1,0,1,0,1,,,,,,,,,,,,,,,,
1,S,2,female,28, $13.00 ,0,0,0,1,1,0,0,,,,,,,,,,,,,,,,
0,S,3,male,28, $22.53 ,0,0,0,0,1,0,1,,,,,,,,,,,,,,,,
0,S,2,male,28, $13.50 ,0,0,0,1,1,0,1,,,,,,,,,,,,,,,,
1,S,2,female,28, $13.00 ,0,0,0,1,1,0,0,,,,,,,,,,,,,,,,
0,S,3,male,28, $7.80 ,0,0,0,0,1,0,1,,,,,,,,,,,,,,,,
0,S,2,male,28, $33.00 ,0,1,0,1,1,0,1,,,,,,,,,,,,,,,,
1,C,2,female,28, $24.00 ,1,0,0,1,0,1,0,,,,,,,,,,,,,,,,
0,S,2,male,28, $10.50 ,0,0,0,1,1,0,1,,,,,,,,,,,,,,,,
1,S,3,female,27, $11.13 ,0,2,0,0,1,0,0,,,,,,,,,,,,,,,,
0,S,2,female,27, $21.00 ,1,0,0,1,1,0,0,,,,,,,,,,,,,,,,
1,S,3,male,27, $7.80 ,0,0,0,0,1,0,1,,,,,,,,,,,,,,,,
1,S,3,female,27, $7.93 ,0,0,0,0,1,0,0,,,,,,,,,,,,,,,,
0,S,2,male,27, $13.00 ,0,0,0,1,1,0,1,,,,,,,,,,,,,,,,
0,S,3,male,27, $7.90 ,0,0,0,0,1,0,1,,,,,,,,,,,,,,,,
0,C,1,male,27, $211.50 ,0,2,1,0,0,1,1,,,,,,,,,,,,,,,,
0,S,2,male,27, $26.00 ,0,0,0,1,1,0,1,,,,,,,,,,,,,,,,
1,S,1,male,27, $30.50 ,0,0,1,0,1,0,1,,,,,,,,,,,,,,,,
0,C,3,male,27, $14.45 ,1,0,0,0,0,1,1,,,,,,,,,,,,,,,,
1,C,1,male,27, $76.73 ,0,0,1,0,0,1,1,,,,,,,,,,,,,,,,
1,S,2,female,27, $10.50 ,0,0,0,1,1,0,0,,,,,,,,,,,,,,,,
1,S,1,male,27, $53.10 ,1,0,1,0,1,0,1,,,,,,,,,,,,,,,,
1,S,3,male,27, $6.98 ,0,0,0,0,1,0,1,,,,,,,,,,,,,,,,
1,S,3,male,27, $8.66 ,0,0,0,0,1,0,1,,,,,,,,,,,,,,,,
1,S,3,female,27, $12.48 ,0,1,0,0,1,0,0,,,,,,,,,,,,,,,,
1,C,2,female,27, $13.86 ,1,0,0,1,0,1,0,,,,,,,,,,,,,,,,
0,S,2,male,27, $13.00 ,0,0,0,1,1,0,1,,,,,,,,,,,,,,,,
1,S,3,female,26, $7.93 ,0,0,0,0,1,0,0,,,,,,,,,,,,,,,,
0,S,3,male,26, $8.66 ,2,0,0,0,1,0,1,,,,,,,,,,,,,,,,
0,C,3,male,26, $14.45 ,1,0,0,0,0,1,1,,,,,,,,,,,,,,,,
0,S,3,male,26, $20.58 ,1,2,0,0,1,0,1,,,,,,,,,,,,,,,,
0,S,3,male,26, $7.78 ,0,0,0,0,1,0,1,,,,,,,,,,,,,,,,
1,C,3,male,26, $18.79 ,0,0,0,0,0,1,1,,,,,,,,,,,,,,,,
1,S,1,female,26, $78.85 ,0,0,1,0,1,0,0,,,,,,,,,,,,,,,,
0,S,2,female,26, $26.00 ,1,1,0,1,1,0,0,,,,,,,,,,,,,,,,
1,S,3,female,26, $7.85 ,0,0,0,0,1,0,0,,,,,,,,,,,,,,,,
0,S,3,male,26, $8.05 ,0,0,0,0,1,0,1,,,,,,,,,,,,,,,,
1,S,3,male,26, $56.50 ,0,0,0,0,1,0,1,,,,,,,,,,,,,,,,
0,S,3,female,26, $16.10 ,1,0,0,0,1,0,0,,,,,,,,,,,,,,,,
0,S,2,male,26, $10.50 ,0,0,0,1,1,0,1,,,,,,,,,,,,,,,,
0,S,3,male,26, $7.90 ,0,0,0,0,1,0,1,,,,,,,,,,,,,,,,
0,S,3,male,26, $7.85 ,1,0,0,0,1,0,1,,,,,,,,,,,,,,,,
0,S,3,male,26, $7.89 ,0,0,0,0,1,0,1,,,,,,,,,,,,,,,,
0,S,3,male,26, $7.90 ,0,0,0,0,1,0,1,,,,,,,,,,,,,,,,
1,C,1,male,26, $30.00 ,0,0,1,0,0,1,1,,,,,,,,,,,,,,,,
0,S,3,male,25, $7.65 ,0,0,0,0,1,0,1,,,,,,,,,,,,,,,,
0,S,2,male,25, $13.00 ,0,0,0,1,1,0,1,,,,,,,,,,,,,,,,
0,S,3,female,25, $7.78 ,0,0,0,0,1,0,0,,,,,,,,,,,,,,,,
1,S,3,male,25, $7.78 ,1,0,0,0,1,0,1,,,,,,,,,,,,,,,,
1,S,3,male,25, $-   ,0,0,0,0,1,0,1,,,,,,,,,,,,,,,,
0,S,2,male,25, $13.00 ,0,0,0,1,1,0,1,,,,,,,,,,,,,,,,
0,S,3,male,25, $17.80 ,1,0,0,0,1,0,1,,,,,,,,,,,,,,,,
1,C,1,male,25, $55.44 ,1,0,1,0,0,1,1,,,,,,,,,,,,,,,,
0,S,3,male,25, $7.78 ,1,0,0,0,1,0,1,,,,,,,,,,,,,,,,
1,C,1,male,25, $91.08 ,1,0,1,0,0,1,1,,,,,,,,,,,,,,,,
0,S,1,female,25, $151.55 ,1,2,1,0,1,0,0,,,,,,,,,,,,,,,,
1,S,2,female,25, $30.00 ,1,1,0,1,1,0,0,,,,,,,,,,,,,,,,
0,S,2,male,25, $13.00 ,0,0,0,1,1,0,1,,,,,,,,,,,,,,,,
0,C,2,male,25, $41.58 ,1,2,0,1,0,1,1,,,,,,,,,,,,,,,,
0,C,3,male,25, $7.23 ,0,0,0,0,0,1,1,,,,,,,,,,,,,,,,
0,Q,3,male,25, $7.74 ,0,0,0,0,0,0,1,,,,,,,,,,,,,,,,
0,S,2,male,25, $26.00 ,1,0,0,1,1,0,1,,,,,,,,,,,,,,,,
0,S,3,female,25, $7.93 ,1,0,0,0,1,0,0,,,,,,,,,,,,,,,,
0,S,3,male,25, $7.05 ,0,0,0,0,1,0,1,,,,,,,,,,,,,,,,
0,S,3,male,25, $7.25 ,0,0,0,0,1,0,1,,,,,,,,,,,,,,,,
0,S,3,male,25, $7.90 ,0,0,0,0,1,0,1,,,,,,,,,,,,,,,,
1,S,2,female,25, $26.00 ,0,1,0,1,1,0,0,,,,,,,,,,,,,,,,
0,S,3,male,25, $7.05 ,0,0,0,0,1,0,1,,,,,,,,,,,,,,,,
0,S,3,male,24.5, $8.05 ,0,0,0,0,1,0,1,,,,,,,,,,,,,,,,
0,S,3,male,24, $8.05 ,0,0,0,0,1,0,1,,,,,,,,,,,,,,,,
0,C,1,male,24, $247.52 ,0,1,1,0,0,1,1,,,,,,,,,,,,,,,,
1,S,3,male,24, $7.14 ,0,0,0,0,1,0,1,,,,,,,,,,,,,,,,
0,C,1,male,24, $79.20 ,0,0,1,0,0,1,1,,,,,,,,,,,,,,,,
1,S,3,female,24, $15.85 ,1,0,0,0,1,0,0,,,,,,,,,,,,,,,,
0,S,2,female,24, $13.00 ,0,0,0,1,1,0,0,,,,,,,,,,,,,,,,
0,S,3,male,24, $7.05 ,0,0,0,0,1,0,1,,,,,,,,,,,,,,,,
0,S,2,male,24, $10.50 ,0,0,0,1,1,0,1,,,,,,,,,,,,,,,,
1,S,2,female,24, $14.50 ,0,2,0,1,1,0,0,,,,,,,,,,,,,,,,
0,S,3,female,24, $8.85 ,0,0,0,0,1,0,0,,,,,,,,,,,,,,,,
0,S,3,male,24, $7.90 ,0,0,0,0,1,0,1,,,,,,,,,,,,,,,,
1,C,1,female,24, $83.16 ,0,0,1,0,0,1,0,,,,,,,,,,,,,,,,
1,S,2,female,24, $26.00 ,1,0,0,1,1,0,0,,,,,,,,,,,,,,,,
1,S,1,female,24, $263.00 ,3,2,1,0,1,0,0,,,,,,,,,,,,,,,,
1,S,2,female,24, $13.00 ,0,0,0,1,1,0,0,,,,,,,,,,,,,,,,
1,C,1,female,24, $69.30 ,0,0,1,0,0,1,0,,,,,,,,,,,,,,,,
1,S,3,female,24, $16.70 ,0,2,0,0,1,0,0,,,,,,,,,,,,,,,,
1,S,2,female,24, $18.75 ,2,3,0,1,1,0,0,,,,,,,,,,,,,,,,
0,S,3,male,24, $7.80 ,0,0,0,0,1,0,1,,,,,,,,,,,,,,,,
0,S,3,male,24, $7.50 ,0,0,0,0,1,0,1,,,,,,,,,,,,,,,,
0,S,3,male,24, $24.15 ,2,0,0,0,1,0,1,,,,,,,,,,,,,,,,
1,S,2,female,24, $27.00 ,2,1,0,1,1,0,0,,,,,,,,,,,,,,,,
1,S,2,female,24, $65.00 ,1,2,0,1,1,0,0,,,,,,,,,,,,,,,,
1,C,1,female,24, $69.30 ,0,0,1,0,0,1,0,,,,,,,,,,,,,,,,
0,S,2,male,24, $73.50 ,2,0,0,1,1,0,1,,,,,,,,,,,,,,,,
1,C,1,female,24, $49.50 ,0,0,1,0,0,1,0,,,,,,,,,,,,,,,,
0,S,3,male,24, $16.10 ,1,0,0,0,1,0,1,,,,,,,,,,,,,,,,
0,S,3,male,24, $9.50 ,0,0,0,0,1,0,1,,,,,,,,,,,,,,,,
1,C,3,female,24, $19.26 ,0,3,0,0,0,1,0,,,,,,,,,,,,,,,,
0,S,2,male,24, $13.00 ,0,0,0,1,1,0,1,,,,,,,,,,,,,,,,
0,C,3,male,23.5, $7.23 ,0,0,0,0,0,1,1,,,,,,,,,,,,,,,,
1,S,1,female,23, $263.00 ,3,2,1,0,1,0,0,,,,,,,,,,,,,,,,
1,C,1,male,23, $63.36 ,0,1,1,0,0,1,1,,,,,,,,,,,,,,,,
0,C,2,male,23, $15.05 ,0,0,0,1,0,1,1,,,,,,,,,,,,,,,,
0,S,3,male,23, $9.23 ,0,0,0,0,1,0,1,,,,,,,,,,,,,,,,
1,C,1,female,23, $113.28 ,1,0,1,0,0,1,0,,,,,,,,,,,,,,,,
0,S,2,male,23, $10.50 ,0,0,0,1,1,0,1,,,,,,,,,,,,,,,,
1,C,2,female,23, $13.79 ,0,0,0,1,0,1,0,,,,,,,,,,,,,,,,
0,S,2,male,23, $11.50 ,2,1,0,1,1,0,1,,,,,,,,,,,,,,,,
1,S,3,female,23, $7.55 ,0,0,0,0,1,0,0,,,,,,,,,,,,,,,,
0,S,2,male,23, $13.00 ,0,0,0,1,1,0,1,,,,,,,,,,,,,,,,
0,S,2,male,23, $13.00 ,0,0,0,1,1,0,1,,,,,,,,,,,,,,,,
0,S,2,male,23, $13.00 ,0,0,0,1,1,0,1,,,,,,,,,,,,,,,,
0,S,3,male,23, $7.90 ,0,0,0,0,1,0,1,,,,,,,,,,,,,,,,
0,S,3,female,23, $7.93 ,0,0,0,0,1,0,0,,,,,,,,,,,,,,,,
0,S,3,male,23, $7.85 ,0,0,0,0,1,0,1,,,,,,,,,,,,,,,,
0,S,3,male,22, $7.25 ,1,0,0,0,1,0,1,,,,,,,,,,,,,,,,
0,C,3,male,22, $7.23 ,0,0,0,0,0,1,1,,,,,,,,,,,,,,,,
0,S,3,male,22, $9.00 ,0,0,0,0,1,0,1,,,,,,,,,,,,,,,,
0,S,3,male,22, $8.05 ,0,0,0,0,1,0,1,,,,,,,,,,,,,,,,
1,S,3,female,22, $7.75 ,0,0,0,0,1,0,0,,,,,,,,,,,,,,,,
1,S,1,female,22, $66.60 ,1,0,1,0,1,0,0,,,,,,,,,,,,,,,,
0,S,3,male,22, $7.25 ,0,0,0,0,1,0,1,,,,,,,,,,,,,,,,
0,S,3,male,22, $9.35 ,0,0,0,0,1,0,1,,,,,,,,,,,,,,,,
0,S,3,male,22, $7.13 ,0,0,0,0,1,0,1,,,,,,,,,,,,,,,,
0,S,3,male,22, $7.90 ,0,0,0,0,1,0,1,,,,,,,,,,,,,,,,
1,Q,3,female,22, $7.75 ,0,0,0,0,0,0,0,,,,,,,,,,,,,,,,
0,S,3,male,22, $7.25 ,0,0,0,0,1,0,1,,,,,,,,,,,,,,,,
1,S,2,female,22, $29.00 ,1,1,0,1,1,0,0,,,,,,,,,,,,,,,,
1,S,1,female,22, $55.00 ,0,1,1,0,1,0,0,,,,,,,,,,,,,,,,
0,C,1,male,22, $135.63 ,0,0,1,0,0,1,1,,,,,,,,,,,,,,,,
1,S,3,female,22, $7.25 ,0,0,0,0,1,0,0,,,,,,,,,,,,,,,,
0,S,3,male,22, $7.80 ,0,0,0,0,1,0,1,,,,,,,,,,,,,,,,
0,S,3,female,22, $9.84 ,0,0,0,0,1,0,0,,,,,,,,,,,,,,,,
0,S,3,male,22, $7.52 ,0,0,0,0,1,0,1,,,,,,,,,,,,,,,,
0,S,3,male,22, $7.90 ,0,0,0,0,1,0,1,,,,,,,,,,,,,,,,
1,C,1,female,22, $49.50 ,0,2,1,0,0,1,0,,,,,,,,,,,,,,,,
1,C,3,male,22, $7.23 ,0,0,0,0,0,1,1,,,,,,,,,,,,,,,,
1,S,3,female,22, $7.78 ,0,0,0,0,1,0,0,,,,,,,,,,,,,,,,
0,S,3,male,22, $8.05 ,0,0,0,0,1,0,1,,,,,,,,,,,,,,,,
1,C,2,female,22, $41.58 ,1,2,0,1,0,1,0,,,,,,,,,,,,,,,,
1,S,1,female,22, $151.55 ,0,0,1,0,1,0,0,,,,,,,,,,,,,,,,
0,S,3,female,22, $10.52 ,0,0,0,0,1,0,0,,,,,,,,,,,,,,,,
0,S,3,male,21, $8.05 ,0,0,0,0,1,0,1,,,,,,,,,,,,,,,,
0,S,3,male,21, $7.80 ,0,0,0,0,1,0,1,,,,,,,,,,,,,,,,
1,S,2,female,21, $10.50 ,0,0,0,1,1,0,0,,,,,,,,,,,,,,,,
0,S,2,male,21, $73.50 ,0,0,0,1,1,0,1,,,,,,,,,,,,,,,,
0,S,1,male,21, $77.29 ,0,1,1,0,1,0,1,,,,,,,,,,,,,,,,
1,S,3,female,21, $7.65 ,0,0,0,0,1,0,0,,,,,,,,,,,,,,,,
0,S,3,male,21, $7.93 ,0,0,0,0,1,0,1,,,,,,,,,,,,,,,,
0,S,2,male,21, $73.50 ,2,0,0,1,1,0,1,,,,,,,,,,,,,,,,
0,S,3,male,21, $7.93 ,0,0,0,0,1,0,1,,,,,,,,,,,,,,,,
1,S,3,male,21, $7.80 ,0,0,0,0,1,0,1,,,,,,,,,,,,,,,,
0,S,3,female,21, $9.83 ,1,0,0,0,1,0,0,,,,,,,,,,,,,,,,
0,S,3,male,21, $7.78 ,0,0,0,0,1,0,1,,,,,,,,,,,,,,,,
0,Q,3,male,21, $7.73 ,0,0,0,0,0,0,1,,,,,,,,,,,,,,,,
0,S,3,female,21, $34.38 ,2,2,0,0,1,0,0,,,,,,,,,,,,,,,,
0,S,3,male,21, $7.25 ,0,0,0,0,1,0,1,,,,,,,,,,,,,,,,
0,S,3,male,21, $8.05 ,0,0,0,0,1,0,1,,,,,,,,,,,,,,,,
0,Q,3,female,21, $7.75 ,0,0,0,0,0,0,0,,,,,,,,,,,,,,,,
0,S,3,male,21, $7.85 ,0,0,0,0,1,0,1,,,,,,,,,,,,,,,,
0,S,3,male,21, $16.10 ,0,0,0,0,1,0,1,,,,,,,,,,,,,,,,
1,S,1,female,21, $77.96 ,0,0,1,0,1,0,0,,,,,,,,,,,,,,,,
0,S,3,male,21, $8.43 ,0,0,0,0,1,0,1,,,,,,,,,,,,,,,,
1,C,1,female,21, $262.38 ,2,2,1,0,0,1,0,,,,,,,,,,,,,,,,
0,S,3,male,21, $8.66 ,0,0,0,0,1,0,1,,,,,,,,,,,,,,,,
0,S,2,male,21, $11.50 ,1,0,0,1,1,0,1,,,,,,,,,,,,,,,,
0,S,3,male,20.5, $7.25 ,0,0,0,0,1,0,1,,,,,,,,,,,,,,,,
0,S,3,male,20, $8.05 ,0,0,0,0,1,0,1,,,,,,,,,,,,,,,,
0,S,3,male,20, $7.85 ,0,0,0,0,1,0,1,,,,,,,,,,,,,,,,
0,S,3,female,20, $9.83 ,1,0,0,0,1,0,0,,,,,,,,,,,,,,,,
0,S,3,male,20, $7.05 ,0,0,0,0,1,0,1,,,,,,,,,,,,,,,,
0,C,3,male,20, $4.01 ,0,0,0,0,0,1,1,,,,,,,,,,,,,,,,
0,S,3,female,20, $8.66 ,0,0,0,0,1,0,0,,,,,,,,,,,,,,,,
0,S,3,male,20, $9.50 ,0,0,0,0,1,0,1,,,,,,,,,,,,,,,,
1,C,3,male,20, $15.74 ,1,1,0,0,0,1,1,,,,,,,,,,,,,,,,
0,S,3,male,20, $7.85 ,0,0,0,0,1,0,1,,,,,,,,,,,,,,,,
1,S,3,male,20, $7.93 ,1,0,0,0,1,0,1,,,,,,,,,,,,,,,,
0,S,3,male,20, $9.23 ,0,0,0,0,1,0,1,,,,,,,,,,,,,,,,
0,S,3,male,20, $8.66 ,0,0,0,0,1,0,1,,,,,,,,,,,,,,,,
1,C,3,male,20, $7.23 ,0,0,0,0,0,1,1,,,,,,,,,,,,,,,,
0,S,3,male,20, $7.93 ,0,0,0,0,1,0,1,,,,,,,,,,,,,,,,
0,S,3,male,20, $9.85 ,0,0,0,0,1,0,1,,,,,,,,,,,,,,,,
0,S,1,male,19, $263.00 ,3,2,1,0,1,0,1,,,,,,,,,,,,,,,,
1,Q,3,female,19, $7.88 ,0,0,0,0,0,0,0,,,,,,,,,,,,,,,,
0,S,3,male,19, $8.16 ,0,0,0,0,1,0,1,,,,,,,,,,,,,,,,
1,S,1,female,19, $26.28 ,0,2,1,0,1,0,0,,,,,,,,,,,,,,,,
0,Q,3,male,19, $6.75 ,0,0,0,0,0,0,1,,,,,,,,,,,,,,,,
0,S,2,male,19, $36.75 ,1,1,0,1,1,0,1,,,,,,,,,,,,,,,,
0,S,2,male,19, $13.00 ,0,0,0,1,1,0,1,,,,,,,,,,,,,,,,
1,S,3,female,19, $7.85 ,1,0,0,0,1,0,0,,,,,,,,,,,,,,,,
1,S,2,male,19, $10.50 ,0,0,0,1,1,0,1,,,,,,,,,,,,,,,,
0,S,2,male,19, $10.50 ,0,0,0,1,1,0,1,,,,,,,,,,,,,,,,
1,S,3,male,19, $8.05 ,0,0,0,0,1,0,1,,,,,,,,,,,,,,,,
1,C,1,female,19, $91.08 ,1,0,1,0,0,1,0,,,,,,,,,,,,,,,,
0,S,3,male,19, $-   ,0,0,0,0,1,0,1,,,,,,,,,,,,,,,,
0,S,3,male,19, $8.05 ,0,0,0,0,1,0,1,,,,,,,,,,,,,,,,
0,S,3,male,19, $7.78 ,0,0,0,0,1,0,1,,,,,,,,,,,,,,,,
1,S,2,female,19, $26.00 ,0,0,0,1,1,0,0,,,,,,,,,,,,,,,,
1,S,2,female,19, $26.00 ,1,0,0,1,1,0,0,,,,,,,,,,,,,,,,
0,S,3,male,19, $7.90 ,0,0,0,0,1,0,1,,,,,,,,,,,,,,,,
0,S,3,male,19, $14.50 ,0,0,0,0,1,0,1,,,,,,,,,,,,,,,,
0,S,3,male,19, $7.90 ,0,0,0,0,1,0,1,,,,,,,,,,,,,,,,
0,S,3,male,19, $10.17 ,0,0,0,0,1,0,1,,,,,,,,,,,,,,,,
0,S,3,male,19, $7.65 ,0,0,0,0,1,0,1,,,,,,,,,,,,,,,,
0,S,1,male,19, $53.10 ,1,0,1,0,1,0,1,,,,,,,,,,,,,,,,
0,S,3,male,19, $7.90 ,0,0,0,0,1,0,1,,,,,,,,,,,,,,,,
1,S,1,female,19, $30.00 ,0,0,1,0,1,0,0,,,,,,,,,,,,,,,,
0,S,3,female,18, $18.00 ,2,0,0,0,1,0,0,,,,,,,,,,,,,,,,
0,S,3,female,18, $17.80 ,1,0,0,0,1,0,0,,,,,,,,,,,,,,,,
0,S,2,male,18, $11.50 ,0,0,0,1,1,0,1,,,,,,,,,,,,,,,,
0,S,3,male,18, $7.85 ,1,1,0,0,1,0,1,,,,,,,,,,,,,,,,
1,S,3,male,18, $8.05 ,0,0,0,0,1,0,1,,,,,,,,,,,,,,,,
0,S,2,male,18, $13.00 ,0,0,0,1,1,0,1,,,,,,,,,,,,,,,,
1,C,1,female,18, $262.38 ,2,2,1,0,0,1,0,,,,,,,,,,,,,,,,
0,S,3,male,18, $6.50 ,1,0,0,0,1,0,1,,,,,,,,,,,,,,,,
0,S,2,male,18, $73.50 ,0,0,0,1,1,0,1,,,,,,,,,,,,,,,,
1,S,2,female,18, $13.00 ,0,2,0,1,1,0,0,,,,,,,,,,,,,,,,
0,S,3,male,18, $20.21 ,1,1,0,0,1,0,1,,,,,,,,,,,,,,,,
0,C,1,male,18, $108.90 ,1,0,1,0,0,1,1,,,,,,,,,,,,,,,,
1,S,1,female,18, $79.65 ,0,2,1,0,1,0,0,,,,,,,,,,,,,,,,
1,S,2,female,18, $23.00 ,0,1,0,1,1,0,0,,,,,,,,,,,,,,,,
0,Q,3,female,18, $6.75 ,0,0,0,0,0,0,0,,,,,,,,,,,,,,,,
0,S,3,male,18, $7.78 ,0,0,0,0,1,0,1,,,,,,,,,,,,,,,,
1,S,3,female,18, $9.84 ,0,0,0,0,1,0,0,,,,,,,,,,,,,,,,
0,S,3,male,18, $7.80 ,0,0,0,0,1,0,1,,,,,,,,,,,,,,,,
1,C,1,female,18, $227.53 ,1,0,1,0,0,1,0,,,,,,,,,,,,,,,,
0,C,3,female,18, $14.45 ,0,1,0,0,0,1,0,,,,,,,,,,,,,,,,
0,S,2,male,18, $11.50 ,0,0,0,1,1,0,1,,,,,,,,,,,,,,,,
0,S,3,male,18, $7.75 ,0,0,0,0,1,0,1,,,,,,,,,,,,,,,,
1,S,3,female,18, $7.50 ,0,0,0,0,1,0,0,,,,,,,,,,,,,,,,
0,S,3,female,18, $7.78 ,0,0,0,0,1,0,0,,,,,,,,,,,,,,,,
0,S,3,male,18, $8.30 ,0,0,0,0,1,0,1,,,,,,,,,,,,,,,,
1,S,3,female,18, $9.35 ,0,1,0,0,1,0,0,,,,,,,,,,,,,,,,
1,S,3,female,17, $7.93 ,4,2,0,0,1,0,0,,,,,,,,,,,,,,,,
1,S,2,female,17, $10.50 ,0,0,0,1,1,0,0,,,,,,,,,,,,,,,,
0,C,3,female,17, $14.46 ,0,0,0,0,0,1,0,,,,,,,,,,,,,,,,
0,S,3,male,17, $8.66 ,0,0,0,0,1,0,1,,,,,,,,,,,,,,,,
1,C,1,female,17, $108.90 ,1,0,1,0,0,1,0,,,,,,,,,,,,,,,,
1,C,2,female,17, $12.00 ,0,0,0,1,0,1,0,,,,,,,,,,,,,,,,
0,S,3,male,17, $7.13 ,0,0,0,0,1,0,1,,,,,,,,,,,,,,,,
0,S,3,male,17, $8.66 ,0,0,0,0,1,0,1,,,,,,,,,,,,,,,,
0,C,3,male,17, $7.23 ,1,1,0,0,0,1,1,,,,,,,,,,,,,,,,
1,C,1,male,17, $110.88 ,0,2,1,0,0,1,1,,,,,,,,,,,,,,,,
0,S,3,male,17, $7.05 ,1,0,0,0,1,0,1,,,,,,,,,,,,,,,,
1,S,1,female,17, $57.00 ,1,0,1,0,1,0,0,,,,,,,,,,,,,,,,
0,S,3,male,17, $8.66 ,0,0,0,0,1,0,1,,,,,,,,,,,,,,,,
0,S,3,female,16, $46.90 ,5,2,0,0,1,0,0,,,,,,,,,,,,,,,,
0,S,3,male,16, $34.38 ,1,3,0,0,1,0,1,,,,,,,,,,,,,,,,
0,S,3,male,16, $9.22 ,0,0,0,0,1,0,1,,,,,,,,,,,,,,,,
1,Q,3,female,16, $7.73 ,0,0,0,0,0,0,0,,,,,,,,,,,,,,,,
1,Q,3,female,16, $7.75 ,0,0,0,0,0,0,0,,,,,,,,,,,,,,,,
1,S,3,male,16, $8.05 ,0,0,0,0,1,0,1,,,,,,,,,,,,,,,,
0,S,3,male,16, $39.69 ,4,1,0,0,1,0,1,,,,,,,,,,,,,,,,
0,S,3,male,16, $9.50 ,0,0,0,0,1,0,1,,,,,,,,,,,,,,,,
1,C,1,female,16, $57.98 ,0,1,1,0,0,1,0,,,,,,,,,,,,,,,,
0,S,3,male,16, $18.00 ,2,0,0,0,1,0,1,,,,,,,,,,,,,,,,
1,S,1,female,16, $86.50 ,0,0,1,0,1,0,0,,,,,,,,,,,,,,,,
0,S,3,male,16, $8.05 ,0,0,0,0,1,0,1,,,,,,,,,,,,,,,,
0,S,3,male,16, $20.25 ,1,1,0,0,1,0,1,,,,,,,,,,,,,,,,
0,S,3,male,16, $7.78 ,0,0,0,0,1,0,1,,,,,,,,,,,,,,,,
0,S,2,male,16, $26.00 ,0,0,0,1,1,0,1,,,,,,,,,,,,,,,,
0,S,2,male,16, $10.50 ,0,0,0,1,1,0,1,,,,,,,,,,,,,,,,
1,S,1,female,16, $39.40 ,0,1,1,0,1,0,0,,,,,,,,,,,,,,,,
1,Q,3,female,15, $8.03 ,0,0,0,0,0,0,0,,,,,,,,,,,,,,,,
0,C,3,male,15, $7.23 ,1,1,0,0,0,1,1,,,,,,,,,,,,,,,,
1,S,1,female,15, $211.34 ,0,1,1,0,1,0,0,,,,,,,,,,,,,,,,
1,C,3,female,15, $14.45 ,1,0,0,0,0,1,0,,,,,,,,,,,,,,,,
1,C,3,female,15, $7.23 ,0,0,0,0,0,1,0,,,,,,,,,,,,,,,,
0,C,3,female,14.5, $14.45 ,1,0,0,0,0,1,0,,,,,,,,,,,,,,,,
1,C,2,female,14, $30.07 ,1,0,0,1,0,1,0,,,,,,,,,,,,,,,,
0,S,3,female,14, $7.85 ,0,0,0,0,1,0,0,,,,,,,,,,,,,,,,
1,C,3,female,14, $11.24 ,1,0,0,0,0,1,0,,,,,,,,,,,,,,,,
1,S,1,female,14, $120.00 ,1,2,1,0,1,0,0,,,,,,,,,,,,,,,,
0,S,3,male,14, $46.90 ,5,2,0,0,1,0,1,,,,,,,,,,,,,,,,
0,S,3,male,14, $39.69 ,4,1,0,0,1,0,1,,,,,,,,,,,,,,,,
1,S,2,female,13, $19.50 ,0,1,0,1,1,0,0,,,,,,,,,,,,,,,,
1,C,3,female,13, $7.23 ,0,0,0,0,0,1,0,,,,,,,,,,,,,,,,
1,C,3,male,12, $11.24 ,1,0,0,0,0,1,1,,,,,,,,,,,,,,,,
0,S,3,male,11, $46.90 ,5,2,0,0,1,0,1,,,,,,,,,,,,,,,,
0,S,3,female,11, $31.28 ,4,2,0,0,1,0,0,,,,,,,,,,,,,,,,
0,C,3,male,11, $18.79 ,0,0,0,0,0,1,1,,,,,,,,,,,,,,,,
1,S,1,male,11, $120.00 ,1,2,1,0,1,0,1,,,,,,,,,,,,,,,,
0,S,3,female,10, $24.15 ,0,2,0,0,1,0,0,,,,,,,,,,,,,,,,
0,S,3,male,10, $27.90 ,3,2,0,0,1,0,1,,,,,,,,,,,,,,,,
0,S,3,female,9, $34.38 ,2,2,0,0,1,0,0,,,,,,,,,,,,,,,,
1,S,3,male,9, $20.53 ,0,2,0,0,1,0,1,,,,,,,,,,,,,,,,
0,S,3,male,9, $31.39 ,4,2,0,0,1,0,1,,,,,,,,,,,,,,,,
0,S,3,male,9, $46.90 ,5,2,0,0,1,0,1,,,,,,,,,,,,,,,,
1,S,3,male,9, $15.90 ,1,1,0,0,1,0,1,,,,,,,,,,,,,,,,
0,S,3,female,9, $31.28 ,4,2,0,0,1,0,0,,,,,,,,,,,,,,,,
0,S,3,female,9, $27.90 ,3,2,0,0,1,0,0,,,,,,,,,,,,,,,,
0,C,3,female,9, $15.25 ,1,1,0,0,0,1,0,,,,,,,,,,,,,,,,
0,S,3,female,8, $21.08 ,3,1,0,0,1,0,0,,,,,,,,,,,,,,,,
1,S,2,female,8, $26.25 ,0,2,0,1,1,0,0,,,,,,,,,,,,,,,,
1,S,2,male,8, $36.75 ,1,1,0,1,1,0,1,,,,,,,,,,,,,,,,
0,Q,3,male,8, $29.13 ,4,1,0,0,0,0,1,,,,,,,,,,,,,,,,
0,S,3,male,7, $39.69 ,4,1,0,0,1,0,1,,,,,,,,,,,,,,,,
0,Q,3,male,7, $29.13 ,4,1,0,0,0,0,1,,,,,,,,,,,,,,,,
1,S,2,female,7, $26.25 ,0,2,0,1,1,0,0,,,,,,,,,,,,,,,,
1,S,2,female,6, $33.00 ,0,1,0,1,1,0,0,,,,,,,,,,,,,,,,
1,S,3,male,6, $12.48 ,0,1,0,0,1,0,1,,,,,,,,,,,,,,,,
0,S,3,female,6, $31.28 ,4,2,0,0,1,0,0,,,,,,,,,,,,,,,,
1,S,2,female,5, $27.75 ,1,2,0,1,1,0,0,,,,,,,,,,,,,,,,
1,S,3,female,5, $31.39 ,4,2,0,0,1,0,0,,,,,,,,,,,,,,,,
1,C,3,female,5, $19.26 ,2,1,0,0,0,1,0,,,,,,,,,,,,,,,,
1,S,3,female,5, $12.48 ,0,0,0,0,1,0,0,,,,,,,,,,,,,,,,
1,S,3,female,4, $16.70 ,1,1,0,0,1,0,0,,,,,,,,,,,,,,,,
0,S,3,male,4, $27.90 ,3,2,0,0,1,0,1,,,,,,,,,,,,,,,,
0,Q,3,male,4, $29.13 ,4,1,0,0,0,0,1,,,,,,,,,,,,,,,,
1,S,3,female,4, $22.03 ,0,2,0,0,1,0,0,,,,,,,,,,,,,,,,
1,S,1,male,4, $81.86 ,0,2,1,0,1,0,1,,,,,,,,,,,,,,,,
1,S,2,female,4, $39.00 ,2,1,0,1,1,0,0,,,,,,,,,,,,,,,,
1,C,3,female,4, $13.42 ,0,1,0,0,0,1,0,,,,,,,,,,,,,,,,
1,S,2,female,4, $23.00 ,1,1,0,1,1,0,0,,,,,,,,,,,,,,,,
0,S,3,male,4, $31.28 ,4,2,0,0,1,0,1,,,,,,,,,,,,,,,,
1,S,3,male,4, $11.13 ,1,1,0,0,1,0,1,,,,,,,,,,,,,,,,
1,C,2,female,3, $41.58 ,1,2,0,1,0,1,0,,,,,,,,,,,,,,,,
1,S,2,male,3, $26.00 ,1,1,0,1,1,0,1,,,,,,,,,,,,,,,,
1,S,3,male,3, $31.39 ,4,2,0,0,1,0,1,,,,,,,,,,,,,,,,
1,S,3,male,3, $15.90 ,1,1,0,0,1,0,1,,,,,,,,,,,,,,,,
0,S,3,female,3, $21.08 ,3,1,0,0,1,0,0,,,,,,,,,,,,,,,,
1,S,2,male,3, $18.75 ,1,1,0,1,1,0,1,,,,,,,,,,,,,,,,
0,S,3,male,2, $21.08 ,3,1,0,0,1,0,1,,,,,,,,,,,,,,,,
0,Q,3,male,2, $29.13 ,4,1,0,0,0,0,1,,,,,,,,,,,,,,,,
0,S,3,female,2, $31.28 ,4,2,0,0,1,0,0,,,,,,,,,,,,,,,,
0,S,3,female,2, $10.46 ,0,1,0,0,1,0,0,,,,,,,,,,,,,,,,
0,S,1,female,2, $151.55 ,1,2,1,0,1,0,0,,,,,,,,,,,,,,,,
1,S,2,male,2, $26.00 ,1,1,0,1,1,0,1,,,,,,,,,,,,,,,,
1,S,3,female,2, $12.29 ,0,1,0,0,1,0,0,,,,,,,,,,,,,,,,
1,S,2,female,2, $26.00 ,1,1,0,1,1,0,0,,,,,,,,,,,,,,,,
0,S,3,female,2, $27.90 ,3,2,0,0,1,0,0,,,,,,,,,,,,,,,,
0,S,3,male,2, $39.69 ,4,1,0,0,1,0,1,,,,,,,,,,,,,,,,
0,S,3,male,1, $39.69 ,4,1,0,0,1,0,1,,,,,,,,,,,,,,,,
1,S,3,female,1, $11.13 ,1,1,0,0,1,0,0,,,,,,,,,,,,,,,,
1,S,2,male,1, $39.00 ,2,1,0,1,1,0,1,,,,,,,,,,,,,,,,
1,C,3,female,1, $15.74 ,0,2,0,0,0,1,0,,,,,,,,,,,,,,,,
0,S,3,male,1, $46.90 ,5,2,0,0,1,0,1,,,,,,,,,,,,,,,,
1,S,3,male,1, $20.58 ,1,2,0,0,1,0,1,,,,,,,,,,,,,,,,
1,C,2,male,1, $37.00 ,0,2,0,1,0,1,1,,,,,,,,,,,,,,,,
1,S,1,male,0.92, $151.55 ,1,2,1,0,1,0,1,,,,,,,,,,,,,,,,
1,S,2,male,0.83, $29.00 ,0,2,0,1,1,0,1,,,,,,,,,,,,,,,,
1,S,2,male,0.83, $18.75 ,1,1,0,1,1,0,1,,,,,,,,,,,,,,,,
1,C,3,female,0.75, $19.26 ,2,1,0,0,0,1,0,,,,,,,,,,,,,,,,
1,C,3,female,0.75, $19.26 ,2,1,0,0,0,1,0,,,,,,,,,,,,,,,,
1,S,2,male,0.67, $14.50 ,1,1,0,1,1,0,1,,,,,,,,,,,,,,,,
1,C,3,male,0.42, $8.52 ,0,1,0,0,0,1,1,,,,,,,,,,,,,,,,
